timestamp,battery_voltage,humidity,rssi,snr,temperature,gateway_id,losant_id
2024-11-03T00:04:47.613Z,3.618,60,-103,8.5,31.9,eui-00800000a000018f,65d2bb6e91885514259b6bf8
2024-11-03T00:44:47.147Z,3.618,59.9,-101,7.8,31.6,eui-00800000a000018f,65d2bb6e91885514259b6bf8
2024-11-03T01:04:46.923Z,3.618,59.8,-101,7.2,32.1,eui-00800000a000018f,65d2bb6e91885514259b6bf8
2024-11-03T01:24:46.719Z,3.618,59.8,-102,8.2,32.1,eui-00800000a000018f,65d2bb6e91885514259b6bf8
2024-11-03T01:44:46.480Z,3.618,59.6,-101,8.5,31.9,eui-00800000a000018f,65d2bb6e91885514259b6bf8
2024-11-03T02:04:46.265Z,3.618,59.7,-101,8.2,31.9,eui-00800000a000018f,65d2bb6e91885514259b6bf8
2024-11-03T02:24:46.019Z,3.618,59.8,-105,8.5,32.1,eui-00800000a000018f,65d2bb6e91885514259b6bf8
2024-11-03T02:44:45.815Z,3.618,59.7,-102,9.8,32,eui-00800000a000018f,65d2bb6e91885514259b6bf8
2024-11-03T03:04:45.551Z,3.618,59.7,-101,7.8,32.6,eui-00800000a000018f,65d2bb6e91885514259b6bf8
2024-11-03T03:24:45.344Z,3.618,60.2,-103,7.8,32.6,eui-00800000a000018f,65d2bb6e91885514259b6bf8
2024-11-03T03:44:45.166Z,3.618,60,-101,6.8,33.2,eui-00800000a000018f,65d2bb6e91885514259b6bf8
2024-11-03T04:04:44.925Z,3.618,60.1,-101,6.8,33.3,eui-00800000a000018f,65d2bb6e91885514259b6bf8
2024-11-03T04:44:44.487Z,3.618,60.4,-102,8.8,33.5,eui-00800000a000018f,65d2bb6e91885514259b6bf8
2024-11-03T05:04:44.282Z,3.618,59.9,-101,8.2,33.1,eui-00800000a000018f,65d2bb6e91885514259b6bf8
2024-11-03T05:24:44.031Z,3.618,60.1,-103,8.2,33,eui-00800000a000018f,65d2bb6e91885514259b6bf8
2024-11-03T05:44:43.821Z,3.618,60,-105,8.2,33.1,eui-00800000a000018f,65d2bb6e91885514259b6bf8
2024-11-03T06:04:43.647Z,3.618,60,-102,6.8,32.6,eui-00800000a000018f,65d2bb6e91885514259b6bf8
2024-11-03T07:04:42.911Z,3.618,59.5,-102,8.5,30.3,eui-00800000a000018f,65d2bb6e91885514259b6bf8
2024-11-03T07:24:42.655Z,3.618,59.3,-101,8.8,29.3,eui-00800000a000018f,65d2bb6e91885514259b6bf8
2024-11-03T07:44:42.496Z,3.618,59.3,-103,8.8,28.1,eui-00800000a000018f,65d2bb6e91885514259b6bf8
2024-11-03T08:04:42.276Z,3.618,59.1,-100,7,26.5,eui-00800000a000018f,65d2bb6e91885514259b6bf8
2024-11-03T08:44:41.830Z,3.624,58.8,-102,9,23.4,eui-00800000a000018f,65d2bb6e91885514259b6bf8
2024-11-03T09:04:41.574Z,3.624,58.8,-107,8.5,22.7,eui-00800000a000018f,65d2bb6e91885514259b6bf8
2024-11-03T09:24:41.363Z,3.618,58.9,-103,8.5,22.1,eui-00800000a000018f,65d2bb6e91885514259b6bf8
2024-11-03T09:44:41.155Z,3.624,59,-103,8.2,21.5,eui-00800000a000018f,65d2bb6e91885514259b6bf8
2024-11-03T10:04:40.883Z,3.624,59.1,-102,9,21.1,eui-00800000a000018f,65d2bb6e91885514259b6bf8
2024-11-03T10:24:40.729Z,3.624,59.2,-103,8,20.8,eui-00800000a000018f,65d2bb6e91885514259b6bf8
2024-11-03T10:44:40.437Z,3.624,59.3,-103,8.8,20.5,eui-00800000a000018f,65d2bb6e91885514259b6bf8
2024-11-03T11:04:40.230Z,3.624,59.4,-102,5.5,20.2,eui-00800000a000018f,65d2bb6e91885514259b6bf8
2024-11-03T11:24:39.985Z,3.624,59.5,-102,7.5,20,eui-00800000a000018f,65d2bb6e91885514259b6bf8
2024-11-03T11:44:39.742Z,3.624,59.6,-102,7.5,19.8,eui-00800000a000018f,65d2bb6e91885514259b6bf8
2024-11-03T12:24:39.308Z,3.624,59.7,-101,9,19.5,eui-00800000a000018f,65d2bb6e91885514259b6bf8
2024-11-03T12:44:39.070Z,3.624,59.9,-102,9.8,19.2,eui-00800000a000018f,65d2bb6e91885514259b6bf8
2024-11-03T13:04:38.844Z,3.624,60,-107,9,18.9,eui-00800000a000018f,65d2bb6e91885514259b6bf8
2024-11-03T13:24:38.621Z,3.624,60.1,-103,9.8,18.5,eui-00800000a000018f,65d2bb6e91885514259b6bf8
2024-11-03T13:44:38.389Z,3.624,60.2,-103,9,18.6,eui-00800000a000018f,65d2bb6e91885514259b6bf8
2024-11-03T14:04:38.195Z,3.624,60.2,-103,8,18.7,eui-00800000a000018f,65d2bb6e91885514259b6bf8
2024-11-03T15:04:37.495Z,3.624,60.4,-101,8,18.8,eui-00800000a000018f,65d2bb6e91885514259b6bf8
2024-11-03T15:24:37.234Z,3.624,60.5,-102,9.2,18.7,eui-00800000a000018f,65d2bb6e91885514259b6bf8
2024-11-03T16:04:36.810Z,3.624,60.6,-102,8.5,18.6,eui-00800000a000018f,65d2bb6e91885514259b6bf8
2024-11-03T16:24:36.610Z,3.63,60.6,-102,9.2,18.6,eui-00800000a000018f,65d2bb6e91885514259b6bf8
2024-11-03T16:44:36.366Z,3.624,60.7,-105,7.5,18.5,eui-00800000a000018f,65d2bb6e91885514259b6bf8
2024-11-03T17:04:36.131Z,3.624,60.7,-102,9,18.4,eui-00800000a000018f,65d2bb6e91885514259b6bf8
2024-11-03T17:24:35.894Z,3.624,60.8,-101,6.2,18.3,eui-00800000a000018f,65d2bb6e91885514259b6bf8
2024-11-03T17:44:35.693Z,3.624,60.9,-102,10,18.1,eui-00800000a000018f,65d2bb6e91885514259b6bf8
2024-11-03T18:24:35.220Z,3.624,61,-105,8.5,18.1,eui-00800000a000018f,65d2bb6e91885514259b6bf8
2024-11-03T18:44:35.001Z,3.624,61.1,-101,9,18.2,eui-00800000a000018f,65d2bb6e91885514259b6bf8
2024-11-03T19:04:34.778Z,3.624,61.1,-103,7.5,18.2,eui-00800000a000018f,65d2bb6e91885514259b6bf8
2024-11-03T19:24:34.551Z,3.624,61.2,-102,9.5,18.2,eui-00800000a000018f,65d2bb6e91885514259b6bf8
2024-11-03T19:44:34.305Z,3.624,61.2,-102,7.5,18.2,eui-00800000a000018f,65d2bb6e91885514259b6bf8
2024-11-03T20:04:34.098Z,3.624,61.1,-101,8.5,19.6,eui-00800000a000018f,65d2bb6e91885514259b6bf8
2024-11-03T20:44:33.655Z,3.624,60.9,-102,8.8,23.3,eui-00800000a000018f,65d2bb6e91885514259b6bf8
2024-11-03T21:04:33.414Z,3.624,60.8,-103,8.2,24.9,eui-00800000a000018f,65d2bb6e91885514259b6bf8
2024-11-03T21:44:32.952Z,3.624,60.5,-103,10.2,28.1,eui-00800000a000018f,65d2bb6e91885514259b6bf8
2024-11-03T22:04:32.731Z,3.624,60.5,-103,8.8,27.7,eui-00800000a000018f,65d2bb6e91885514259b6bf8
2024-11-03T23:04:32.045Z,3.618,60,-101,8.8,30.9,eui-00800000a000018f,65d2bb6e91885514259b6bf8
2024-11-03T23:24:31.806Z,3.618,59.8,-103,6.8,31.4,eui-00800000a000018f,65d2bb6e91885514259b6bf8
2024-11-03T23:44:31.610Z,3.618,59.7,-102,9.2,32,eui-00800000a000018f,65d2bb6e91885514259b6bf8
2024-11-04T00:04:31.386Z,3.618,59.6,-103,8.2,32.5,eui-00800000a000018f,65d2bb6e91885514259b6bf8
2024-11-04T00:24:31.177Z,3.618,59.8,-101,9,32.4,eui-00800000a000018f,65d2bb6e91885514259b6bf8
2024-11-04T00:44:30.936Z,3.618,59.6,-101,4.2,32.9,eui-00800000a000018f,65d2bb6e91885514259b6bf8
2024-11-04T01:24:30.497Z,3.618,59.7,-101,8.2,32.7,eui-00800000a000018f,65d2bb6e91885514259b6bf8
2024-11-04T01:44:30.260Z,3.618,59.1,-101,8.2,33,eui-00800000a000018f,65d2bb6e91885514259b6bf8
2024-11-04T02:04:30.041Z,3.618,59.2,-102,6.8,32.3,eui-00800000a000018f,65d2bb6e91885514259b6bf8
2024-11-04T02:24:29.808Z,3.618,59.6,-84,8.8,32.4,eui-00800000a000018f,65d2bb6e91885514259b6bf8
2024-11-04T02:44:29.595Z,3.618,59.3,-83,9,32.4,eui-00800000a000018f,65d2bb6e91885514259b6bf8
2024-11-04T03:04:29.370Z,3.618,59.3,-83,9.8,32.9,eui-00800000a000018f,65d2bb6e91885514259b6bf8
2024-11-04T03:24:29.112Z,3.618,59.5,-84,10.8,33,eui-00800000a000018f,65d2bb6e91885514259b6bf8
2024-11-04T03:44:28.916Z,3.618,59.4,-78,9.5,33.1,eui-00800000a000018f,65d2bb6e91885514259b6bf8
2024-11-04T04:04:28.706Z,3.618,59.3,-83,6.8,33.1,eui-00800000a000018f,65d2bb6e91885514259b6bf8
2024-11-04T04:24:28.478Z,3.618,59.2,-82,10.2,33.1,eui-00800000a000018f,65d2bb6e91885514259b6bf8
2024-11-04T04:44:28.273Z,3.618,59,-82,10.8,33.1,eui-00800000a000018f,65d2bb6e91885514259b6bf8
2024-11-04T05:04:28.058Z,3.618,59.2,-85,9.2,33.1,eui-00800000a000018f,65d2bb6e91885514259b6bf8
2024-11-04T05:24:27.804Z,3.618,59.3,-85,8.5,33.3,eui-00800000a000018f,65d2bb6e91885514259b6bf8
2024-11-04T05:44:27.596Z,3.618,59.1,-83,9.8,33.7,eui-00800000a000018f,65d2bb6e91885514259b6bf8
2024-11-04T06:04:27.366Z,3.618,59.1,-102,8,32.9,eui-00800000a000018f,65d2bb6e91885514259b6bf8
2024-11-04T06:24:27.146Z,3.618,59,-102,9,32.7,eui-00800000a000018f,65d2bb6e91885514259b6bf8
2024-11-04T06:44:26.901Z,3.618,59,-102,8.5,32.1,eui-00800000a000018f,65d2bb6e91885514259b6bf8
2024-11-04T07:04:26.686Z,3.618,59.2,-95,4,31.1,eui-00800000a000018f,65d2bb6e91885514259b6bf8
2024-11-04T07:24:26.457Z,3.618,59,-103,6.5,30.2,eui-00800000a000018f,65d2bb6e91885514259b6bf8
2024-11-04T07:44:26.221Z,3.618,58.8,-105,8.5,28.8,eui-00800000a000018f,65d2bb6e91885514259b6bf8
2024-11-04T08:04:26.016Z,3.618,58.7,-102,7,27.3,eui-00800000a000018f,65d2bb6e91885514259b6bf8
2024-11-04T09:04:25.370Z,3.624,58.3,-101,7.2,22.5,eui-00800000a000018f,65d2bb6e91885514259b6bf8
2024-11-04T10:44:24.277Z,3.624,58.8,-102,8.8,19.4,eui-00800000a000018f,65d2bb6e91885514259b6bf8
2024-11-04T11:04:23.987Z,3.624,58.8,-105,9,19.1,eui-00800000a000018f,65d2bb6e91885514259b6bf8
2024-11-04T11:24:23.746Z,3.624,59,-105,-4.8,18.4,eui-00800000a000018f,65d2bb6e91885514259b6bf8
2024-11-04T13:04:22.645Z,3.624,59.5,-90,9,17.4,eui-00800000a000018f,65d2bb6e91885514259b6bf8
2024-11-04T13:24:22.414Z,3.624,59.5,-89,10.2,17.2,eui-00800000a000018f,65d2bb6e91885514259b6bf8
2024-11-04T13:44:22.202Z,3.624,59.6,-87,6,17.1,eui-00800000a000018f,65d2bb6e91885514259b6bf8
2024-11-04T14:04:21.943Z,3.624,59.8,-85,9,17,eui-00800000a000018f,65d2bb6e91885514259b6bf8
2024-11-04T14:44:21.490Z,3.624,59.9,-87,9.8,17,eui-00800000a000018f,65d2bb6e91885514259b6bf8
2024-11-04T15:04:21.237Z,3.624,60.1,-85,9.2,17,eui-00800000a000018f,65d2bb6e91885514259b6bf8
2024-11-04T15:44:20.806Z,3.624,60.3,-93,9,16.9,eui-00800000a000018f,65d2bb6e91885514259b6bf8
2024-11-04T16:04:20.594Z,3.624,60.3,-87,9.2,16.8,eui-00800000a000018f,65d2bb6e91885514259b6bf8
2024-11-04T17:04:19.922Z,3.624,60.6,-90,9.8,16.9,eui-00800000a000018f,65d2bb6e91885514259b6bf8
2024-11-04T17:24:19.722Z,3.624,60.7,-83,2.8,16.9,eui-00800000a000018f,65d2bb6e91885514259b6bf8
2024-11-04T18:04:19.241Z,3.624,60.8,-87,8.2,16.9,eui-00800000a000018f,65d2bb6e91885514259b6bf8
2024-11-04T18:24:19.021Z,3.624,60.9,-88,9,16.6,eui-00800000a000018f,65d2bb6e91885514259b6bf8
2024-11-04T18:44:18.792Z,3.624,60.9,-90,10.2,16.1,eui-00800000a000018f,65d2bb6e91885514259b6bf8
2024-11-04T19:04:18.594Z,3.624,61.1,-87,10,15.7,eui-00800000a000018f,65d2bb6e91885514259b6bf8
2024-11-04T19:24:18.332Z,3.624,61.1,-85,9,15.8,eui-00800000a000018f,65d2bb6e91885514259b6bf8
2024-11-04T19:44:18.170Z,3.624,61.3,-87,9.5,16.1,eui-00800000a000018f,65d2bb6e91885514259b6bf8
2024-11-04T20:24:17.655Z,3.624,60.1,-88,6,21.6,eui-00800000a000018f,65d2bb6e91885514259b6bf8
2024-11-04T20:44:17.436Z,3.624,60.2,-87,8.5,24.1,eui-00800000a000018f,65d2bb6e91885514259b6bf8
2024-11-04T21:04:17.199Z,3.624,60,-88,7.8,25.7,eui-00800000a000018f,65d2bb6e91885514259b6bf8
2024-11-04T22:04:16.516Z,3.624,60.2,-85,9,27.9,eui-00800000a000018f,65d2bb6e91885514259b6bf8
2024-11-04T22:24:16.275Z,3.618,60,-89,8.5,29.2,eui-00800000a000018f,65d2bb6e91885514259b6bf8
2024-11-04T22:44:16.042Z,3.624,59.9,-86,9.5,30.2,eui-00800000a000018f,65d2bb6e91885514259b6bf8
2024-11-04T23:04:15.844Z,3.618,59.4,-89,9.5,31.8,eui-00800000a000018f,65d2bb6e91885514259b6bf8
2024-11-04T23:24:15.633Z,3.618,59.2,-89,9,32.7,eui-00800000a000018f,65d2bb6e91885514259b6bf8
2024-11-04T23:44:15.396Z,3.618,59.3,-89,10,33.8,eui-00800000a000018f,65d2bb6e91885514259b6bf8
2024-11-05T00:04:15.153Z,3.618,58.6,-89,10.8,34.2,eui-00800000a000018f,65d2bb6e91885514259b6bf8
2024-11-05T00:24:14.956Z,3.618,58.9,-85,7.5,34.4,eui-00800000a000018f,65d2bb6e91885514259b6bf8
2024-11-05T00:44:14.737Z,3.618,58.8,-90,-3.2,35.4,eui-00800000a000018f,65d2bb6e91885514259b6bf8
2024-11-05T01:04:14.517Z,3.618,58.8,-87,9,35.5,eui-00800000a000018f,65d2bb6e91885514259b6bf8
2024-11-05T01:24:14.284Z,3.618,59.1,-87,9.5,33.8,eui-00800000a000018f,65d2bb6e91885514259b6bf8
2024-11-05T01:44:14.080Z,3.618,59,-88,10,32.9,eui-00800000a000018f,65d2bb6e91885514259b6bf8
2024-11-05T02:04:13.854Z,3.618,59.2,-91,9.8,32.3,eui-00800000a000018f,65d2bb6e91885514259b6bf8
2024-11-05T02:24:13.615Z,3.618,59.2,-90,9.2,32,eui-00800000a000018f,65d2bb6e91885514259b6bf8
2024-11-05T03:04:13.170Z,3.618,59.3,-89,10.2,32.2,eui-00800000a000018f,65d2bb6e91885514259b6bf8
2024-11-05T03:24:12.954Z,3.618,59.2,-88,9.8,32.1,eui-00800000a000018f,65d2bb6e91885514259b6bf8
2024-11-05T03:44:12.721Z,3.618,59.3,-93,10,32.2,eui-00800000a000018f,65d2bb6e91885514259b6bf8
2024-11-05T04:04:12.532Z,3.618,59.4,-87,7.8,32.6,eui-00800000a000018f,65d2bb6e91885514259b6bf8
2024-11-05T04:24:12.262Z,3.618,59.2,-87,8.8,32.7,eui-00800000a000018f,65d2bb6e91885514259b6bf8
2024-11-05T04:44:12.055Z,3.618,59.3,-86,9,32.7,eui-00800000a000018f,65d2bb6e91885514259b6bf8
2024-11-05T05:04:11.870Z,3.618,59.6,-103,8.2,32.7,eui-00800000a000018f,65d2bb6e91885514259b6bf8
2024-11-05T05:24:11.651Z,3.618,59.3,-102,9.2,32.9,eui-00800000a000018f,65d2bb6e91885514259b6bf8
2024-11-05T05:44:11.384Z,3.618,59.3,-103,7.2,32,eui-00800000a000018f,65d2bb6e91885514259b6bf8
2024-11-05T06:04:11.137Z,3.618,59.6,-100,6.2,31.9,eui-00800000a000018f,65d2bb6e91885514259b6bf8
2024-11-05T06:24:10.935Z,3.618,59.3,-107,9.8,32.6,eui-00800000a000018f,65d2bb6e91885514259b6bf8
2024-11-05T07:04:10.454Z,3.618,59.5,-102,8.8,31.4,eui-00800000a000018f,65d2bb6e91885514259b6bf8
2024-11-05T07:44:10.042Z,3.618,59.5,-105,8.5,29.2,eui-00800000a000018f,65d2bb6e91885514259b6bf8
2024-11-05T08:04:09.805Z,3.624,59.2,-105,8.8,27.6,eui-00800000a000018f,65d2bb6e91885514259b6bf8
2024-11-05T08:24:09.565Z,3.624,58.7,-103,8.8,25.3,eui-00800000a000018f,65d2bb6e91885514259b6bf8
2024-11-05T08:44:09.367Z,3.624,58.7,-101,8.2,23.7,eui-00800000a000018f,65d2bb6e91885514259b6bf8
2024-11-05T09:04:09.153Z,3.624,58.6,-100,8.5,22.7,eui-00800000a000018f,65d2bb6e91885514259b6bf8
2024-11-05T09:44:08.691Z,3.624,58.6,-105,6.5,21.3,eui-00800000a000018f,65d2bb6e91885514259b6bf8
2024-11-05T11:04:07.802Z,3.624,59,-101,-6.8,19.5,eui-00800000a000018f,65d2bb6e91885514259b6bf8
2024-11-05T12:24:06.853Z,3.624,59.4,-103,8.8,18.2,eui-00800000a000018f,65d2bb6e91885514259b6bf8
2024-11-05T13:04:06.431Z,3.624,59.6,-105,8.2,18.1,eui-00800000a000018f,65d2bb6e91885514259b6bf8
2024-11-05T13:24:06.194Z,3.624,59.6,-102,6.8,18,eui-00800000a000018f,65d2bb6e91885514259b6bf8
2024-11-05T13:44:06.002Z,3.624,59.7,-103,8.2,17.9,eui-00800000a000018f,65d2bb6e91885514259b6bf8
2024-11-05T14:04:05.799Z,3.624,59.7,-103,-6.8,17.9,eui-00800000a000018f,65d2bb6e91885514259b6bf8
2024-11-05T14:24:05.536Z,3.624,59.8,-103,9,17.8,eui-00800000a000018f,65d2bb6e91885514259b6bf8
2024-11-05T14:44:05.280Z,3.624,59.8,-103,8.8,17.8,eui-00800000a000018f,65d2bb6e91885514259b6bf8
2024-11-05T15:04:05.106Z,3.624,59.9,-101,8.5,17.8,eui-00800000a000018f,65d2bb6e91885514259b6bf8
2024-11-05T15:44:04.610Z,3.624,60.2,-102,8.2,17.1,eui-00800000a000018f,65d2bb6e91885514259b6bf8
2024-11-05T16:44:03.945Z,3.624,60.5,-103,9.5,17,eui-00800000a000018f,65d2bb6e91885514259b6bf8
2024-11-05T17:04:03.715Z,3.624,60.4,-107,7.5,17.1,eui-00800000a000018f,65d2bb6e91885514259b6bf8
2024-11-05T17:24:03.486Z,3.624,60.5,-103,6.8,17,eui-00800000a000018f,65d2bb6e91885514259b6bf8
2024-11-05T18:04:03.053Z,3.624,60.8,-100,6.8,16.8,eui-00800000a000018f,65d2bb6e91885514259b6bf8
2024-11-05T18:24:02.760Z,3.624,60.9,-107,-0.8,16.4,eui-00800000a000018f,65d2bb6e91885514259b6bf8
2024-11-05T19:24:02.137Z,3.624,61.1,-91,7.2,16.6,eui-00800000a000018f,65d2bb6e91885514259b6bf8
2024-11-05T19:44:01.908Z,3.624,61.1,-102,8.2,17.3,eui-00800000a000018f,65d2bb6e91885514259b6bf8
2024-11-05T20:24:01.460Z,3.624,60.3,-103,8,21.3,eui-00800000a000018f,65d2bb6e91885514259b6bf8
2024-11-05T21:24:00.783Z,3.624,60.1,-105,8.2,27.4,eui-00800000a000018f,65d2bb6e91885514259b6bf8
2024-11-05T21:44:00.523Z,3.624,59.9,-102,9.2,28.7,eui-00800000a000018f,65d2bb6e91885514259b6bf8
2024-11-05T22:04:00.395Z,3.624,60.8,-100,7,24.9,eui-00800000a000018f,65d2bb6e91885514259b6bf8
2024-11-05T22:24:00.170Z,3.618,60.1,-103,8.5,28.2,eui-00800000a000018f,65d2bb6e91885514259b6bf8
2024-11-05T23:23:59.411Z,3.618,59.6,-100,2.2,32,eui-00800000a000018f,65d2bb6e91885514259b6bf8
2024-11-05T23:43:59.197Z,3.618,59.3,-103,7.5,32.7,eui-00800000a000018f,65d2bb6e91885514259b6bf8
2024-11-06T00:03:59.000Z,3.618,59.1,-103,8.2,33,eui-00800000a000018f,65d2bb6e91885514259b6bf8
2024-11-06T00:23:58.775Z,3.618,59.5,-102,8.5,33.1,eui-00800000a000018f,65d2bb6e91885514259b6bf8
2024-11-06T00:43:58.485Z,3.618,59.4,-101,7.8,33.8,eui-00800000a000018f,65d2bb6e91885514259b6bf8
2024-11-06T01:03:58.306Z,3.618,59.5,-103,6.8,33.5,eui-00800000a000018f,65d2bb6e91885514259b6bf8
2024-11-06T01:23:58.068Z,3.618,59.4,-101,8.8,33.9,eui-00800000a000018f,65d2bb6e91885514259b6bf8
2024-11-06T01:43:57.842Z,3.618,59.1,-105,9.5,33.5,eui-00800000a000018f,65d2bb6e91885514259b6bf8
2024-11-06T02:03:57.689Z,3.624,59.2,-103,8.2,32.9,eui-00800000a000018f,65d2bb6e91885514259b6bf8
2024-11-06T02:23:57.402Z,3.618,59.5,-103,8.5,32.9,eui-00800000a000018f,65d2bb6e91885514259b6bf8
2024-11-06T02:43:57.213Z,3.618,59.5,-102,8.8,33.1,eui-00800000a000018f,65d2bb6e91885514259b6bf8
2024-11-06T03:03:56.995Z,3.618,59.6,-97,6,33.7,eui-00800000a000018f,65d2bb6e91885514259b6bf8
2024-11-06T03:43:56.513Z,3.618,59.4,-102,8.2,34.6,eui-00800000a000018f,65d2bb6e91885514259b6bf8
2024-11-06T04:03:56.292Z,3.618,59.3,-101,8,35.4,eui-00800000a000018f,65d2bb6e91885514259b6bf8
2024-11-06T04:23:56.084Z,3.618,59.3,-102,8,35.5,eui-00800000a000018f,65d2bb6e91885514259b6bf8
2024-11-06T04:43:55.861Z,3.618,59.3,-102,8.8,35.6,eui-00800000a000018f,65d2bb6e91885514259b6bf8
2024-11-06T05:23:55.423Z,3.618,59.3,-102,7,36.2,eui-00800000a000018f,65d2bb6e91885514259b6bf8
2024-11-06T05:43:55.202Z,3.618,58.9,-101,7.8,35.8,eui-00800000a000018f,65d2bb6e91885514259b6bf8
2024-11-06T06:03:54.969Z,3.618,58.8,-103,7.5,35.1,eui-00800000a000018f,65d2bb6e91885514259b6bf8
2024-11-06T06:23:54.722Z,3.618,58.8,-83,-1.8,34.7,eui-00800000a000018f,65d2bb6e91885514259b6bf8
2024-11-06T06:43:54.509Z,3.618,58.9,-82,9.8,34.5,eui-00800000a000018f,65d2bb6e91885514259b6bf8
2024-11-06T07:03:54.277Z,3.618,58.6,-85,9,33.3,eui-00800000a000018f,65d2bb6e91885514259b6bf8
2024-11-06T07:23:54.082Z,3.618,58.5,-82,9,32.1,eui-00800000a000018f,65d2bb6e91885514259b6bf8
2024-11-06T07:43:53.870Z,3.618,58.5,-84,9.5,30.6,eui-00800000a000018f,65d2bb6e91885514259b6bf8
2024-11-06T08:23:53.416Z,3.624,57.6,-83,7.8,26.5,eui-00800000a000018f,65d2bb6e91885514259b6bf8
2024-11-06T08:43:53.159Z,3.624,57.7,-82,9.5,24.6,eui-00800000a000018f,65d2bb6e91885514259b6bf8
2024-11-06T09:43:52.496Z,3.618,57.9,-81,9,22.1,eui-00800000a000018f,65d2bb6e91885514259b6bf8
2024-11-06T10:23:52.064Z,3.624,58,-83,9.5,21,eui-00800000a000018f,65d2bb6e91885514259b6bf8
2024-11-06T11:23:51.366Z,3.624,58.2,-81,7.2,19.8,eui-00800000a000018f,65d2bb6e91885514259b6bf8
2024-11-06T12:03:50.925Z,3.624,58.6,-82,10,19.1,eui-00800000a000018f,65d2bb6e91885514259b6bf8
2024-11-06T12:43:50.456Z,3.624,58.7,-81,9.8,18.4,eui-00800000a000018f,65d2bb6e91885514259b6bf8
2024-11-06T13:23:49.990Z,3.624,59,-82,10.2,18.1,eui-00800000a000018f,65d2bb6e91885514259b6bf8
2024-11-06T14:03:49.555Z,3.624,59.2,-83,9.8,17.3,eui-00800000a000018f,65d2bb6e91885514259b6bf8
2024-11-06T14:43:49.117Z,3.624,59.4,-82,8.8,17,eui-00800000a000018f,65d2bb6e91885514259b6bf8
2024-11-06T15:03:48.850Z,3.624,59.4,-83,9.5,17.4,eui-00800000a000018f,65d2bb6e91885514259b6bf8
2024-11-06T15:43:48.434Z,3.624,59.6,-84,9.5,17.3,eui-00800000a000018f,65d2bb6e91885514259b6bf8
2024-11-06T16:03:48.205Z,3.624,59.7,-81,10.2,17.3,eui-00800000a000018f,65d2bb6e91885514259b6bf8
2024-11-06T16:23:47.951Z,3.624,59.6,-83,9.5,17.2,eui-00800000a000018f,65d2bb6e91885514259b6bf8
2024-11-06T16:43:47.760Z,3.624,59.7,-87,6.8,16.7,eui-00800000a000018f,65d2bb6e91885514259b6bf8
2024-11-06T17:03:47.514Z,3.624,59.8,-83,10.5,16.1,eui-00800000a000018f,65d2bb6e91885514259b6bf8
2024-11-06T17:23:47.285Z,3.624,60,-81,10,16,eui-00800000a000018f,65d2bb6e91885514259b6bf8
2024-11-06T17:43:47.092Z,3.624,60.1,-81,7.5,16,eui-00800000a000018f,65d2bb6e91885514259b6bf8
2024-11-06T18:03:46.860Z,3.624,60.2,-85,10,15.9,eui-00800000a000018f,65d2bb6e91885514259b6bf8
2024-11-06T18:23:46.653Z,3.624,60.3,-85,9,16,eui-00800000a000018f,65d2bb6e91885514259b6bf8
2024-11-06T18:43:46.404Z,3.624,60.3,-82,10.8,15.9,eui-00800000a000018f,65d2bb6e91885514259b6bf8
2024-11-06T19:23:45.942Z,3.624,60.5,-84,8,15.8,eui-00800000a000018f,65d2bb6e91885514259b6bf8
2024-11-06T20:23:45.308Z,3.624,59.7,-91,9,20.8,eui-00800000a000018f,65d2bb6e91885514259b6bf8
2024-11-06T21:23:44.582Z,3.624,59.4,-80,9,27.1,eui-00800000a000018f,65d2bb6e91885514259b6bf8
2024-11-06T21:43:44.352Z,3.624,59.4,-81,9,28.4,eui-00800000a000018f,65d2bb6e91885514259b6bf8
2024-11-06T22:03:44.163Z,3.624,59,-83,8.2,29.3,eui-00800000a000018f,65d2bb6e91885514259b6bf8
2024-11-06T22:23:43.906Z,3.618,59.1,-82,9.2,30.3,eui-00800000a000018f,65d2bb6e91885514259b6bf8
2024-11-06T22:43:43.667Z,3.624,58.6,-84,7.5,31.3,eui-00800000a000018f,65d2bb6e91885514259b6bf8
2024-11-06T23:03:43.467Z,3.618,59,-80,8.8,31.7,eui-00800000a000018f,65d2bb6e91885514259b6bf8
2024-11-06T23:23:43.256Z,3.618,58.9,-83,10.5,33.1,eui-00800000a000018f,65d2bb6e91885514259b6bf8
2024-11-06T23:43:43.024Z,3.618,58.8,-83,10.2,34.1,eui-00800000a000018f,65d2bb6e91885514259b6bf8
2024-11-07T00:03:42.804Z,3.618,58.5,-84,-1,34.7,eui-00800000a000018f,65d2bb6e91885514259b6bf8
2024-11-07T00:23:42.565Z,3.618,58.4,-85,9.2,35.3,eui-00800000a000018f,65d2bb6e91885514259b6bf8
2024-11-07T00:43:42.357Z,3.618,58.4,-81,7,35.5,eui-00800000a000018f,65d2bb6e91885514259b6bf8
2024-11-07T01:03:42.137Z,3.618,58.1,-82,9,35.8,eui-00800000a000018f,65d2bb6e91885514259b6bf8
2024-11-07T01:23:41.870Z,3.618,58.3,-79,9.2,35,eui-00800000a000018f,65d2bb6e91885514259b6bf8
2024-11-07T02:03:41.500Z,3.618,58,-82,11,35.1,eui-00800000a000018f,65d2bb6e91885514259b6bf8
2024-11-07T02:23:41.252Z,3.618,58.2,-84,9,34.6,eui-00800000a000018f,65d2bb6e91885514259b6bf8
2024-11-07T02:43:41.022Z,3.618,57.7,-84,9,34.8,eui-00800000a000018f,65d2bb6e91885514259b6bf8
2024-11-07T03:23:40.599Z,3.618,57.7,-81,9,36.1,eui-00800000a000018f,65d2bb6e91885514259b6bf8
2024-11-07T03:43:40.365Z,3.618,57.7,-82,10.5,36.6,eui-00800000a000018f,65d2bb6e91885514259b6bf8
2024-11-07T04:03:40.145Z,3.618,57.6,-81,9,36.8,eui-00800000a000018f,65d2bb6e91885514259b6bf8
2024-11-07T04:23:39.929Z,3.618,57.3,-83,6.8,37,eui-00800000a000018f,65d2bb6e91885514259b6bf8
2024-11-07T04:43:39.710Z,3.618,57.5,-85,9,37.3,eui-00800000a000018f,65d2bb6e91885514259b6bf8
2024-11-07T05:03:39.489Z,3.618,57.9,-87,10.2,37.2,eui-00800000a000018f,65d2bb6e91885514259b6bf8
2024-11-07T05:23:39.256Z,3.618,57.9,-83,10,35.8,eui-00800000a000018f,65d2bb6e91885514259b6bf8
2024-11-07T05:43:39.063Z,3.618,57.8,-82,9.5,34.4,eui-00800000a000018f,65d2bb6e91885514259b6bf8
2024-11-07T06:03:38.835Z,3.618,58,-84,8.8,33.5,eui-00800000a000018f,65d2bb6e91885514259b6bf8
2024-11-07T06:23:38.626Z,3.618,58,-85,9,32.8,eui-00800000a000018f,65d2bb6e91885514259b6bf8
2024-11-07T06:43:38.387Z,3.618,58,-84,9.5,31.6,eui-00800000a000018f,65d2bb6e91885514259b6bf8
2024-11-07T07:03:38.157Z,3.618,57.9,-84,8,30.6,eui-00800000a000018f,65d2bb6e91885514259b6bf8
2024-11-07T07:23:37.940Z,3.618,58,-82,10,29.2,eui-00800000a000018f,65d2bb6e91885514259b6bf8
2024-11-07T07:43:37.705Z,3.618,58,-85,9.5,28.1,eui-00800000a000018f,65d2bb6e91885514259b6bf8
2024-11-07T08:03:37.484Z,3.618,57.9,-81,9,26.4,eui-00800000a000018f,65d2bb6e91885514259b6bf8
2024-11-07T08:23:37.318Z,3.618,57.7,-83,9.5,24.4,eui-00800000a000018f,65d2bb6e91885514259b6bf8
2024-11-07T09:03:36.812Z,3.624,57.9,-89,-4.5,22,eui-00800000a000018f,65d2bb6e91885514259b6bf8
2024-11-07T09:23:36.555Z,3.624,58,-82,10.2,21.3,eui-00800000a000018f,65d2bb6e91885514259b6bf8
2024-11-07T09:43:36.366Z,3.624,58.1,-83,7.2,20.5,eui-00800000a000018f,65d2bb6e91885514259b6bf8
2024-11-07T10:03:36.112Z,3.624,58.2,-84,8.8,20.3,eui-00800000a000018f,65d2bb6e91885514259b6bf8
2024-11-07T10:23:35.886Z,3.624,58.4,-103,9.2,20.2,eui-00800000a000018f,65d2bb6e91885514259b6bf8
2024-11-07T10:43:35.660Z,3.624,58.5,-102,1.2,19.9,eui-00800000a000018f,65d2bb6e91885514259b6bf8
2024-11-07T11:23:35.211Z,3.624,58.6,-102,8.2,20,eui-00800000a000018f,65d2bb6e91885514259b6bf8
2024-11-07T12:03:34.751Z,3.618,58.7,-103,6.8,19.9,eui-00800000a000018f,65d2bb6e91885514259b6bf8
2024-11-07T12:23:34.522Z,3.624,58.6,-105,9,19.9,eui-00800000a000018f,65d2bb6e91885514259b6bf8
2024-11-07T12:43:34.322Z,3.624,58.7,-101,8,19.7,eui-00800000a000018f,65d2bb6e91885514259b6bf8
2024-11-07T13:23:33.845Z,3.624,58.9,-102,8.5,19.2,eui-00800000a000018f,65d2bb6e91885514259b6bf8
2024-11-07T13:43:33.628Z,3.624,59,-102,8.2,19.1,eui-00800000a000018f,65d2bb6e91885514259b6bf8
2024-11-07T14:03:33.436Z,3.624,59.1,-101,8,18.6,eui-00800000a000018f,65d2bb6e91885514259b6bf8
2024-11-07T14:23:33.190Z,3.624,59.2,-103,9,18.5,eui-00800000a000018f,65d2bb6e91885514259b6bf8
2024-11-07T14:43:32.956Z,3.618,59.2,-103,8.5,18.6,eui-00800000a000018f,65d2bb6e91885514259b6bf8
2024-11-07T15:03:32.697Z,3.624,59.3,-104,8.2,18.3,eui-00800000a000018f,65d2bb6e91885514259b6bf8
2024-11-07T15:23:32.504Z,3.624,59.2,-101,7,18,eui-00800000a000018f,65d2bb6e91885514259b6bf8
2024-11-07T15:43:32.255Z,3.624,59.4,-103,9,17.9,eui-00800000a000018f,65d2bb6e91885514259b6bf8
2024-11-07T16:03:32.012Z,3.624,59.3,-103,8.2,17.2,eui-00800000a000018f,65d2bb6e91885514259b6bf8
2024-11-07T16:43:31.583Z,3.624,59.8,-105,8,16.3,eui-00800000a000018f,65d2bb6e91885514259b6bf8
2024-11-07T17:23:31.150Z,3.624,60,-102,6.5,15.5,eui-00800000a000018f,65d2bb6e91885514259b6bf8
2024-11-07T17:43:30.924Z,3.624,59.9,-103,8,15.5,eui-00800000a000018f,65d2bb6e91885514259b6bf8
2024-11-07T18:03:30.654Z,3.624,60,-105,8.2,15.6,eui-00800000a000018f,65d2bb6e91885514259b6bf8
2024-11-07T19:03:30.021Z,3.624,60.2,-102,8.2,16.1,eui-00800000a000018f,65d2bb6e91885514259b6bf8
2024-11-07T19:43:29.560Z,3.624,60.4,-103,9.2,16,eui-00800000a000018f,65d2bb6e91885514259b6bf8
2024-11-07T20:03:29.359Z,3.624,60.4,-103,8,16.5,eui-00800000a000018f,65d2bb6e91885514259b6bf8
2024-11-07T20:43:28.885Z,3.624,60.2,-103,8.2,18.8,eui-00800000a000018f,65d2bb6e91885514259b6bf8
2024-11-07T21:03:29.121Z,3.618,59.3,-105,8,23.7,eui-00800000a000018f,65d2bb6e91885514259b6bf8
2024-11-07T21:23:28.415Z,3.618,58.9,-107,5.5,26.7,eui-00800000a000018f,65d2bb6e91885514259b6bf8
2024-11-07T22:03:27.975Z,3.618,59.3,-105,8.5,28.6,eui-00800000a000018f,65d2bb6e91885514259b6bf8
2024-11-07T22:23:27.751Z,3.618,59.6,-103,7.8,29.6,eui-00800000a000018f,65d2bb6e91885514259b6bf8
2024-11-07T22:43:27.525Z,3.618,59,-101,7,32.3,eui-00800000a000018f,65d2bb6e91885514259b6bf8
2024-11-07T23:03:27.271Z,3.618,59,-102,7.8,33.2,eui-00800000a000018f,65d2bb6e91885514259b6bf8
2024-11-07T23:43:26.875Z,3.618,59.2,-107,6.2,32.4,eui-00800000a000018f,65d2bb6e91885514259b6bf8
2024-11-08T00:03:26.632Z,3.618,58.6,-101,6.8,32.8,eui-00800000a000018f,65d2bb6e91885514259b6bf8
2024-11-08T00:23:26.421Z,3.618,58.8,-102,8.5,32.7,eui-00800000a000018f,65d2bb6e91885514259b6bf8
2024-11-08T00:43:26.214Z,3.618,58.7,-114,8.8,33.7,eui-00800000a000018f,65d2bb6e91885514259b6bf8
2024-11-08T01:03:25.940Z,3.618,58.5,-103,7.2,34.3,eui-00800000a000018f,65d2bb6e91885514259b6bf8
2024-11-08T01:23:25.744Z,3.618,58.3,-105,7.8,34.9,eui-00800000a000018f,65d2bb6e91885514259b6bf8
2024-11-08T01:43:25.515Z,3.618,58.2,-101,6.8,35.9,eui-00800000a000018f,65d2bb6e91885514259b6bf8
2024-11-08T02:03:25.302Z,3.618,57.9,-103,9.5,36.1,eui-00800000a000018f,65d2bb6e91885514259b6bf8
2024-11-08T02:23:25.082Z,3.618,58.6,-105,6.2,35.3,eui-00800000a000018f,65d2bb6e91885514259b6bf8
2024-11-08T03:03:24.646Z,3.618,58.3,-105,-2.8,36.8,eui-00800000a000018f,65d2bb6e91885514259b6bf8
2024-11-08T03:23:24.419Z,3.618,58.3,-103,8,36.1,eui-00800000a000018f,65d2bb6e91885514259b6bf8
2024-11-08T03:43:24.205Z,3.618,58.1,-101,8.5,36.6,eui-00800000a000018f,65d2bb6e91885514259b6bf8
2024-11-08T04:03:23.981Z,3.618,58,-107,7,36.3,eui-00800000a000018f,65d2bb6e91885514259b6bf8
2024-11-08T04:43:23.545Z,3.618,58.2,-101,5,36.9,eui-00800000a000018f,65d2bb6e91885514259b6bf8
2024-11-08T05:23:23.076Z,3.618,58.1,-95,8,36.2,eui-00800000a000018f,65d2bb6e91885514259b6bf8
2024-11-08T05:43:22.887Z,3.618,58,-103,9,35,eui-00800000a000018f,65d2bb6e91885514259b6bf8
2024-11-08T06:03:22.666Z,3.618,58,-103,3.8,34.7,eui-00800000a000018f,65d2bb6e91885514259b6bf8
2024-11-08T06:23:22.460Z,3.618,58,-105,9.2,33.7,eui-00800000a000018f,65d2bb6e91885514259b6bf8
2024-11-08T06:43:22.207Z,3.618,58,-105,8.5,32.7,eui-00800000a000018f,65d2bb6e91885514259b6bf8
2024-11-08T07:03:21.975Z,3.618,58,-101,2,31.2,eui-00800000a000018f,65d2bb6e91885514259b6bf8
2024-11-08T08:03:21.313Z,3.624,57.9,-103,2.2,26.5,eui-00800000a000018f,65d2bb6e91885514259b6bf8
2024-11-08T08:43:20.896Z,3.624,57.8,-100,8.8,23.2,eui-00800000a000018f,65d2bb6e91885514259b6bf8
2024-11-08T09:23:20.421Z,3.624,57.9,-103,8.5,21.6,eui-00800000a000018f,65d2bb6e91885514259b6bf8
2024-11-08T09:43:20.150Z,3.624,58,-103,7,20.9,eui-00800000a000018f,65d2bb6e91885514259b6bf8
2024-11-08T10:03:19.954Z,3.624,58.1,-101,8.8,20.3,eui-00800000a000018f,65d2bb6e91885514259b6bf8
2024-11-08T10:43:19.464Z,3.618,58.4,-103,8,20,eui-00800000a000018f,65d2bb6e91885514259b6bf8
2024-11-08T11:23:19.039Z,3.618,58.3,-101,8.5,20.5,eui-00800000a000018f,65d2bb6e91885514259b6bf8
2024-11-08T12:03:18.589Z,3.624,58.4,-102,9,20.8,eui-00800000a000018f,65d2bb6e91885514259b6bf8
2024-11-08T12:23:18.378Z,3.624,58.5,-100,8.2,20.8,eui-00800000a000018f,65d2bb6e91885514259b6bf8
2024-11-08T12:43:18.201Z,3.624,58.6,-102,6.2,20.8,eui-00800000a000018f,65d2bb6e91885514259b6bf8
2024-11-08T13:03:17.904Z,3.624,58.6,-103,7.5,20.6,eui-00800000a000018f,65d2bb6e91885514259b6bf8
2024-11-08T13:23:17.711Z,3.624,58.8,-107,7.2,20.6,eui-00800000a000018f,65d2bb6e91885514259b6bf8
2024-11-08T13:43:17.440Z,3.624,58.7,-101,7.2,20.7,eui-00800000a000018f,65d2bb6e91885514259b6bf8
2024-11-08T14:23:17.598Z,3.624,58.6,-99,8.2,20.1,eui-00800000a000018f,65d2bb6e91885514259b6bf8
2024-11-08T15:03:16.596Z,3.624,59.5,-101,6.8,18.5,eui-00800000a000018f,65d2bb6e91885514259b6bf8
2024-11-08T15:23:16.312Z,3.624,59.5,-101,8.2,18.6,eui-00800000a000018f,65d2bb6e91885514259b6bf8
2024-11-08T15:43:16.121Z,3.624,59.7,-102,8.2,18.5,eui-00800000a000018f,65d2bb6e91885514259b6bf8
2024-11-08T16:03:15.845Z,3.624,59.7,-103,8.5,18.4,eui-00800000a000018f,65d2bb6e91885514259b6bf8
2024-11-08T16:43:15.416Z,3.624,60,-102,9,18.2,eui-00800000a000018f,65d2bb6e91885514259b6bf8
2024-11-08T17:03:15.167Z,3.624,60,-103,7.2,18.3,eui-00800000a000018f,65d2bb6e91885514259b6bf8
2024-11-08T17:23:14.960Z,3.624,60.1,-102,6,18.3,eui-00800000a000018f,65d2bb6e91885514259b6bf8
2024-11-08T17:43:14.747Z,3.624,60.1,-103,8.5,18.2,eui-00800000a000018f,65d2bb6e91885514259b6bf8
2024-11-08T18:03:14.511Z,3.624,60.2,-107,8.8,18,eui-00800000a000018f,65d2bb6e91885514259b6bf8
2024-11-08T18:23:14.287Z,3.624,60.4,-107,8.5,17.6,eui-00800000a000018f,65d2bb6e91885514259b6bf8
2024-11-08T18:43:14.047Z,3.624,60.4,-103,8.2,17.4,eui-00800000a000018f,65d2bb6e91885514259b6bf8
2024-11-08T19:23:13.610Z,3.624,60.6,-87,6.2,16.8,eui-00800000a000018f,65d2bb6e91885514259b6bf8
2024-11-08T19:43:13.401Z,3.624,60.8,-102,8.5,17.1,eui-00800000a000018f,65d2bb6e91885514259b6bf8
2024-11-08T20:03:13.156Z,3.624,60.4,-103,9,18.7,eui-00800000a000018f,65d2bb6e91885514259b6bf8
2024-11-08T20:23:12.890Z,3.624,59.8,-102,4.5,21.3,eui-00800000a000018f,65d2bb6e91885514259b6bf8
2024-11-08T20:43:12.719Z,3.624,60,-103,7.2,23.2,eui-00800000a000018f,65d2bb6e91885514259b6bf8
2024-11-08T21:03:12.511Z,3.624,59.9,-103,9,25.2,eui-00800000a000018f,65d2bb6e91885514259b6bf8
2024-11-08T21:23:12.229Z,3.624,59.7,-101,8.8,27.4,eui-00800000a000018f,65d2bb6e91885514259b6bf8
2024-11-08T22:23:11.594Z,3.618,59.7,-102,7,30.4,eui-00800000a000018f,65d2bb6e91885514259b6bf8
2024-11-08T22:43:11.311Z,3.618,59.5,-105,8.5,31.4,eui-00800000a000018f,65d2bb6e91885514259b6bf8
2024-11-08T23:03:11.124Z,3.618,59.2,-105,8.8,33,eui-00800000a000018f,65d2bb6e91885514259b6bf8
2024-11-08T23:23:10.894Z,3.618,59,-102,7.5,33.8,eui-00800000a000018f,65d2bb6e91885514259b6bf8
2024-11-08T23:43:10.673Z,3.618,58.8,-105,6,33.6,eui-00800000a000018f,65d2bb6e91885514259b6bf8
2024-11-09T00:03:10.422Z,3.618,58.6,-102,8.2,33.8,eui-00800000a000018f,65d2bb6e91885514259b6bf8
2024-11-09T00:23:10.222Z,3.618,58.6,-102,7.8,34.8,eui-00800000a000018f,65d2bb6e91885514259b6bf8
2024-11-09T00:43:09.993Z,3.618,58.3,-105,8,35.3,eui-00800000a000018f,65d2bb6e91885514259b6bf8
2024-11-09T01:03:09.795Z,3.618,58.3,-105,7.5,35.4,eui-00800000a000018f,65d2bb6e91885514259b6bf8
2024-11-09T01:43:09.344Z,3.618,57.9,-103,6.2,36.2,eui-00800000a000018f,65d2bb6e91885514259b6bf8
2024-11-09T02:03:09.127Z,3.618,58.1,-102,8,35.8,eui-00800000a000018f,65d2bb6e91885514259b6bf8
2024-11-09T02:23:08.910Z,3.618,58.2,-103,8.2,35.9,eui-00800000a000018f,65d2bb6e91885514259b6bf8
2024-11-09T02:43:08.682Z,3.618,57.9,-105,7,36.2,eui-00800000a000018f,65d2bb6e91885514259b6bf8
2024-11-09T03:03:08.487Z,3.618,58.1,-102,6.2,37.3,eui-00800000a000018f,65d2bb6e91885514259b6bf8
2024-11-09T03:43:08.033Z,3.618,57.7,-103,7.5,37.5,eui-00800000a000018f,65d2bb6e91885514259b6bf8
2024-11-09T04:23:07.601Z,3.618,57.5,-102,8.5,37.4,eui-00800000a000018f,65d2bb6e91885514259b6bf8
2024-11-09T04:43:07.346Z,3.612,57.5,-107,8.2,37.2,eui-00800000a000018f,65d2bb6e91885514259b6bf8
2024-11-09T05:03:07.185Z,3.618,57.5,-105,8.8,37.2,eui-00800000a000018f,65d2bb6e91885514259b6bf8
2024-11-09T05:23:06.945Z,3.618,57.5,-105,9,37.2,eui-00800000a000018f,65d2bb6e91885514259b6bf8
2024-11-09T05:43:06.725Z,3.618,57.1,-103,3.2,37.3,eui-00800000a000018f,65d2bb6e91885514259b6bf8
2024-11-09T06:03:06.493Z,3.612,56.9,-101,7.8,37.1,eui-00800000a000018f,65d2bb6e91885514259b6bf8
2024-11-09T06:23:06.311Z,3.612,56.9,-102,9,36.8,eui-00800000a000018f,65d2bb6e91885514259b6bf8
2024-11-09T06:43:06.054Z,3.612,56.8,-103,8,36,eui-00800000a000018f,65d2bb6e91885514259b6bf8
2024-11-09T07:03:05.845Z,3.618,56.7,-81,8.8,35.1,eui-00800000a000018f,65d2bb6e91885514259b6bf8
2024-11-09T07:23:05.611Z,3.618,56.6,-81,9.8,34.3,eui-00800000a000018f,65d2bb6e91885514259b6bf8
2024-11-09T07:43:05.366Z,3.618,56.3,-83,10.2,33.3,eui-00800000a000018f,65d2bb6e91885514259b6bf8
2024-11-09T08:03:05.162Z,3.618,56.1,-81,7.8,31.8,eui-00800000a000018f,65d2bb6e91885514259b6bf8
2024-11-09T08:23:04.957Z,3.618,55.8,-85,9.5,29.8,eui-00800000a000018f,65d2bb6e91885514259b6bf8
2024-11-09T08:43:04.699Z,3.618,55.8,-78,-1,28.1,eui-00800000a000018f,65d2bb6e91885514259b6bf8
2024-11-09T09:03:04.481Z,3.618,56.2,-83,9,25.5,eui-00800000a000018f,65d2bb6e91885514259b6bf8
2024-11-09T09:43:04.020Z,3.624,56.6,-83,9,23.1,eui-00800000a000018f,65d2bb6e91885514259b6bf8
2024-11-09T10:03:03.833Z,3.624,56.8,-85,9.2,22.3,eui-00800000a000018f,65d2bb6e91885514259b6bf8
2024-11-09T10:23:03.567Z,3.624,57,-85,10,21.7,eui-00800000a000018f,65d2bb6e91885514259b6bf8
2024-11-09T10:43:03.371Z,3.618,57.2,-83,9.5,21.2,eui-00800000a000018f,65d2bb6e91885514259b6bf8
2024-11-09T11:03:03.128Z,3.624,57.3,-83,9.2,20.9,eui-00800000a000018f,65d2bb6e91885514259b6bf8
2024-11-09T12:03:02.412Z,3.624,57.7,-102,9,20.6,eui-00800000a000018f,65d2bb6e91885514259b6bf8
2024-11-09T12:23:02.230Z,3.624,57.8,-102,8,20.5,eui-00800000a000018f,65d2bb6e91885514259b6bf8
2024-11-09T12:43:02.065Z,3.618,57.9,-102,7.2,20.7,eui-00800000a000018f,65d2bb6e91885514259b6bf8
2024-11-09T13:03:01.781Z,3.624,57.9,-106,6.5,20.8,eui-00800000a000018f,65d2bb6e91885514259b6bf8
2024-11-09T13:23:01.611Z,3.624,58,-105,8.5,20.8,eui-00800000a000018f,65d2bb6e91885514259b6bf8
2024-11-09T13:43:01.341Z,3.624,58.1,-105,8.8,20.8,eui-00800000a000018f,65d2bb6e91885514259b6bf8
2024-11-09T14:03:01.054Z,3.624,58.2,-103,8.5,20.6,eui-00800000a000018f,65d2bb6e91885514259b6bf8
2024-11-09T14:23:00.858Z,3.624,58.2,-103,9,20.6,eui-00800000a000018f,65d2bb6e91885514259b6bf8
2024-11-09T15:03:00.437Z,3.624,58.5,-105,7.5,20.3,eui-00800000a000018f,65d2bb6e91885514259b6bf8
2024-11-09T15:23:00.192Z,3.624,58.5,-103,8.5,20.2,eui-00800000a000018f,65d2bb6e91885514259b6bf8
2024-11-09T16:22:59.491Z,3.624,58.8,-102,9.5,20.2,eui-00800000a000018f,65d2bb6e91885514259b6bf8
2024-11-09T16:42:59.274Z,3.624,58.9,-102,8,20.3,eui-00800000a000018f,65d2bb6e91885514259b6bf8
2024-11-09T17:02:59.045Z,3.624,58.9,-102,9.2,20.2,eui-00800000a000018f,65d2bb6e91885514259b6bf8
2024-11-09T17:42:58.607Z,3.624,59.1,-103,8.2,20,eui-00800000a000018f,65d2bb6e91885514259b6bf8
2024-11-09T18:02:58.367Z,3.624,59.1,-102,6.5,19.9,eui-00800000a000018f,65d2bb6e91885514259b6bf8
2024-11-09T18:42:57.907Z,3.624,59.3,-102,4.8,19.8,eui-00800000a000018f,65d2bb6e91885514259b6bf8
2024-11-09T19:22:57.460Z,3.618,59.4,-102,9,19.5,eui-00800000a000018f,65d2bb6e91885514259b6bf8
2024-11-09T19:42:57.235Z,3.624,59.5,-103,7,19.5,eui-00800000a000018f,65d2bb6e91885514259b6bf8
2024-11-09T20:02:57.015Z,3.624,59.4,-102,8.5,20.6,eui-00800000a000018f,65d2bb6e91885514259b6bf8
2024-11-09T21:02:56.301Z,3.624,59.3,-105,9,25.7,eui-00800000a000018f,65d2bb6e91885514259b6bf8
2024-11-09T21:22:56.103Z,3.618,59.1,-102,8.2,27.7,eui-00800000a000018f,65d2bb6e91885514259b6bf8
2024-11-09T22:02:55.610Z,3.618,59,-102,5,29.4,eui-00800000a000018f,65d2bb6e91885514259b6bf8
2024-11-09T22:22:55.395Z,3.618,58.9,-105,8.2,30.4,eui-00800000a000018f,65d2bb6e91885514259b6bf8
2024-11-09T22:42:55.205Z,3.618,58.7,-103,9,31.5,eui-00800000a000018f,65d2bb6e91885514259b6bf8
2024-11-09T23:42:54.520Z,3.618,57.9,-103,8.2,33.6,eui-00800000a000018f,65d2bb6e91885514259b6bf8
2024-11-10T00:02:54.280Z,3.618,57.9,-102,8.5,34.2,eui-00800000a000018f,65d2bb6e91885514259b6bf8
2024-11-10T00:22:54.075Z,3.618,57.8,-102,8.5,34.2,eui-00800000a000018f,65d2bb6e91885514259b6bf8
2024-11-10T01:02:53.624Z,3.618,57.5,-107,6.2,34.2,eui-00800000a000018f,65d2bb6e91885514259b6bf8
2024-11-10T01:22:53.400Z,3.618,57.7,-103,9,34.6,eui-00800000a000018f,65d2bb6e91885514259b6bf8
2024-11-10T01:42:53.189Z,3.618,57.4,-103,8.2,35,eui-00800000a000018f,65d2bb6e91885514259b6bf8
2024-11-10T02:02:52.964Z,3.618,57.4,-101,7.8,34.6,eui-00800000a000018f,65d2bb6e91885514259b6bf8
2024-11-10T02:22:52.741Z,3.618,57.6,-105,-4.5,34.9,eui-00800000a000018f,65d2bb6e91885514259b6bf8
2024-11-10T02:42:52.507Z,3.618,57.3,-102,8.8,34.9,eui-00800000a000018f,65d2bb6e91885514259b6bf8
2024-11-10T03:02:52.266Z,3.618,57.5,-103,8.8,35.1,eui-00800000a000018f,65d2bb6e91885514259b6bf8
2024-11-10T03:22:52.069Z,3.618,57.4,-102,7.5,35.9,eui-00800000a000018f,65d2bb6e91885514259b6bf8
2024-11-10T03:42:51.875Z,3.618,57.3,-97,6.5,36.4,eui-00800000a000018f,65d2bb6e91885514259b6bf8
2024-11-10T04:02:51.621Z,3.612,57.4,-103,6.5,36.4,eui-00800000a000018f,65d2bb6e91885514259b6bf8
2024-11-10T04:22:51.407Z,3.618,57.6,-105,8,36.7,eui-00800000a000018f,65d2bb6e91885514259b6bf8
2024-11-10T04:42:51.211Z,3.612,57.4,-103,9.5,37,eui-00800000a000018f,65d2bb6e91885514259b6bf8
2024-11-10T05:02:50.964Z,3.618,57.6,-102,8,37,eui-00800000a000018f,65d2bb6e91885514259b6bf8
2024-11-10T05:42:50.531Z,3.618,57.8,-102,9,34.5,eui-00800000a000018f,65d2bb6e91885514259b6bf8
2024-11-10T06:02:50.288Z,3.618,57.8,-105,7,33.9,eui-00800000a000018f,65d2bb6e91885514259b6bf8
2024-11-10T06:22:50.100Z,3.618,57.8,-103,9,32.8,eui-00800000a000018f,65d2bb6e91885514259b6bf8
2024-11-10T06:42:49.867Z,3.618,57.7,-105,8.8,32.3,eui-00800000a000018f,65d2bb6e91885514259b6bf8
2024-11-10T07:02:49.641Z,3.618,57.7,-102,7,31.1,eui-00800000a000018f,65d2bb6e91885514259b6bf8
2024-11-10T07:22:49.405Z,3.618,57.6,-102,9.2,30.1,eui-00800000a000018f,65d2bb6e91885514259b6bf8
2024-11-10T07:42:49.175Z,3.618,57.7,-105,7.8,29,eui-00800000a000018f,65d2bb6e91885514259b6bf8
2024-11-10T08:02:48.974Z,3.618,57.5,-100,8.2,28.7,eui-00800000a000018f,65d2bb6e91885514259b6bf8
2024-11-10T08:22:48.764Z,3.618,57.1,-103,5,26.8,eui-00800000a000018f,65d2bb6e91885514259b6bf8
2024-11-10T09:02:48.314Z,3.618,57.2,-101,7,24.3,eui-00800000a000018f,65d2bb6e91885514259b6bf8
2024-11-10T09:22:48.077Z,3.618,57.3,-101,7.5,23.7,eui-00800000a000018f,65d2bb6e91885514259b6bf8
2024-11-10T10:02:47.626Z,3.618,57.5,-102,9.2,22.8,eui-00800000a000018f,65d2bb6e91885514259b6bf8
2024-11-10T10:22:47.382Z,3.618,57.6,-105,7.8,22.5,eui-00800000a000018f,65d2bb6e91885514259b6bf8
2024-11-10T10:42:47.153Z,3.618,57.6,-103,6.2,22.1,eui-00800000a000018f,65d2bb6e91885514259b6bf8
2024-11-10T11:02:46.943Z,3.618,57.7,-102,8.8,21.9,eui-00800000a000018f,65d2bb6e91885514259b6bf8
2024-11-10T11:22:46.685Z,3.624,57.8,-107,8.2,21.6,eui-00800000a000018f,65d2bb6e91885514259b6bf8
2024-11-10T12:02:46.250Z,3.624,58,-102,8.2,21.2,eui-00800000a000018f,65d2bb6e91885514259b6bf8
2024-11-10T12:22:46.077Z,3.624,58.1,-106,7.5,21.1,eui-00800000a000018f,65d2bb6e91885514259b6bf8
2024-11-10T12:42:45.805Z,3.618,58.2,-99,-7.2,20.9,eui-00800000a000018f,65d2bb6e91885514259b6bf8
2024-11-10T13:02:45.540Z,3.618,58.2,-85,8.8,20.7,eui-00800000a000018f,65d2bb6e91885514259b6bf8
2024-11-10T13:22:45.354Z,3.618,58.3,-83,9.8,20.6,eui-00800000a000018f,65d2bb6e91885514259b6bf8
2024-11-10T14:02:44.914Z,3.624,58.5,-81,9.5,20.3,eui-00800000a000018f,65d2bb6e91885514259b6bf8
2024-11-10T14:22:44.669Z,3.624,58.5,-82,7.2,20.3,eui-00800000a000018f,65d2bb6e91885514259b6bf8
2024-11-10T14:42:44.424Z,3.624,58.6,-83,10,20.2,eui-00800000a000018f,65d2bb6e91885514259b6bf8
2024-11-10T15:02:44.209Z,3.624,58.7,-84,7.8,20.1,eui-00800000a000018f,65d2bb6e91885514259b6bf8
2024-11-10T15:22:44.005Z,3.624,58.7,-82,8,20,eui-00800000a000018f,65d2bb6e91885514259b6bf8
2024-11-10T15:42:43.754Z,3.624,58.8,-81,5.2,19.8,eui-00800000a000018f,65d2bb6e91885514259b6bf8
2024-11-10T16:02:43.529Z,3.624,58.9,-83,9.8,19.9,eui-00800000a000018f,65d2bb6e91885514259b6bf8
2024-11-10T16:22:43.268Z,3.624,59,-83,9,19.9,eui-00800000a000018f,65d2bb6e91885514259b6bf8
2024-11-10T16:42:43.149Z,3.624,59,-80,9.2,19.8,eui-00800000a000018f,65d2bb6e91885514259b6bf8
2024-11-10T17:22:42.638Z,3.624,59.2,-82,10,19.6,eui-00800000a000018f,65d2bb6e91885514259b6bf8
2024-11-10T17:42:42.385Z,3.624,59.3,-81,7.8,19.7,eui-00800000a000018f,65d2bb6e91885514259b6bf8
2024-11-10T18:22:41.959Z,3.624,59.4,-82,9.5,19.5,eui-00800000a000018f,65d2bb6e91885514259b6bf8
2024-11-10T19:02:41.508Z,3.618,59.5,-82,9,19.6,eui-00800000a000018f,65d2bb6e91885514259b6bf8
2024-11-10T19:22:41.270Z,3.624,59.6,-82,9.5,19.7,eui-00800000a000018f,65d2bb6e91885514259b6bf8
2024-11-10T19:42:41.038Z,3.624,59.6,-82,7.8,19.8,eui-00800000a000018f,65d2bb6e91885514259b6bf8
2024-11-11T06:42:33.651Z,3.618,57.9,-82,9.8,31.5,eui-00800000a000018f,65d2bb6e91885514259b6bf8
2024-11-11T07:02:33.466Z,3.618,57.8,-82,8,30.9,eui-00800000a000018f,65d2bb6e91885514259b6bf8
2024-11-11T07:22:33.198Z,3.618,57.8,-83,9.5,30.1,eui-00800000a000018f,65d2bb6e91885514259b6bf8
2024-11-11T07:42:32.963Z,3.618,57.8,-88,10,28.5,eui-00800000a000018f,65d2bb6e91885514259b6bf8
2024-11-11T08:02:32.752Z,3.618,57.7,-84,9.5,27.1,eui-00800000a000018f,65d2bb6e91885514259b6bf8
2024-11-11T08:22:32.523Z,3.618,57.4,-83,6.8,25.4,eui-00800000a000018f,65d2bb6e91885514259b6bf8
2024-11-11T08:42:32.302Z,3.624,57.5,-83,9.5,24,eui-00800000a000018f,65d2bb6e91885514259b6bf8
2024-11-11T09:02:32.054Z,3.618,57.6,-82,7.2,23.3,eui-00800000a000018f,65d2bb6e91885514259b6bf8
2024-11-11T09:22:31.900Z,3.618,57.7,-84,9.2,22.6,eui-00800000a000018f,65d2bb6e91885514259b6bf8
2024-11-11T09:42:31.625Z,3.624,57.8,-84,9,22.1,eui-00800000a000018f,65d2bb6e91885514259b6bf8
2024-11-11T10:02:31.346Z,3.624,57.9,-83,9.8,21.7,eui-00800000a000018f,65d2bb6e91885514259b6bf8
2024-11-11T10:22:31.169Z,3.624,57.9,-87,9.8,21.2,eui-00800000a000018f,65d2bb6e91885514259b6bf8
2024-11-11T10:42:30.931Z,3.624,58,-84,9.2,20.7,eui-00800000a000018f,65d2bb6e91885514259b6bf8
2024-11-11T11:02:30.719Z,3.618,58,-83,10.5,21.2,eui-00800000a000018f,65d2bb6e91885514259b6bf8
2024-11-11T11:22:30.449Z,3.624,58,-82,9,21.1,eui-00800000a000018f,65d2bb6e91885514259b6bf8
2024-11-11T11:42:30.265Z,3.624,58.2,-84,7.2,21,eui-00800000a000018f,65d2bb6e91885514259b6bf8
2024-11-11T12:02:30.018Z,3.624,58.3,-85,9.5,20.8,eui-00800000a000018f,65d2bb6e91885514259b6bf8
2024-11-11T12:22:29.823Z,3.618,58.4,-82,9.2,20.6,eui-00800000a000018f,65d2bb6e91885514259b6bf8
2024-11-11T12:42:29.619Z,3.624,58.5,-85,10,20.4,eui-00800000a000018f,65d2bb6e91885514259b6bf8
2024-11-11T13:02:29.333Z,3.624,58.6,-87,9.2,20.5,eui-00800000a000018f,65d2bb6e91885514259b6bf8
2024-11-11T13:22:29.119Z,3.624,58.7,-82,7.8,20.4,eui-00800000a000018f,65d2bb6e91885514259b6bf8
2024-11-11T13:42:28.902Z,3.624,58.8,-83,8,20.3,eui-00800000a000018f,65d2bb6e91885514259b6bf8
2024-11-11T14:02:28.651Z,3.624,58.8,-77,8.8,20.3,eui-00800000a000018f,65d2bb6e91885514259b6bf8
2024-11-11T14:22:28.453Z,3.624,59,-84,3.5,20.1,eui-00800000a000018f,65d2bb6e91885514259b6bf8
2024-11-11T14:42:28.189Z,3.624,59.1,-82,9,20,eui-00800000a000018f,65d2bb6e91885514259b6bf8
2024-11-11T15:02:27.969Z,3.624,59.2,-82,10.8,20,eui-00800000a000018f,65d2bb6e91885514259b6bf8
2024-11-11T15:22:27.760Z,3.624,59.2,-81,9.5,19.9,eui-00800000a000018f,65d2bb6e91885514259b6bf8
2024-11-11T15:42:27.519Z,3.624,59.4,-84,9.2,19.8,eui-00800000a000018f,65d2bb6e91885514259b6bf8
2024-11-11T16:02:27.341Z,3.624,59.4,-81,9.5,19.7,eui-00800000a000018f,65d2bb6e91885514259b6bf8
2024-11-11T16:22:27.077Z,3.624,59.5,-83,7.8,19.6,eui-00800000a000018f,65d2bb6e91885514259b6bf8
2024-11-11T16:42:26.848Z,3.624,59.6,-82,9.5,19.6,eui-00800000a000018f,65d2bb6e91885514259b6bf8
2024-11-11T17:02:26.634Z,3.624,59.7,-83,9.5,19.7,eui-00800000a000018f,65d2bb6e91885514259b6bf8
2024-11-11T17:22:26.398Z,3.624,59.7,-81,10,19.7,eui-00800000a000018f,65d2bb6e91885514259b6bf8
2024-11-11T17:42:26.164Z,3.624,59.8,-82,9.8,19.6,eui-00800000a000018f,65d2bb6e91885514259b6bf8
2024-11-11T18:02:25.935Z,3.624,59.9,-83,9.2,19.4,eui-00800000a000018f,65d2bb6e91885514259b6bf8
2024-11-11T18:22:25.705Z,3.624,60,-83,8.8,19.4,eui-00800000a000018f,65d2bb6e91885514259b6bf8
2024-11-11T18:42:25.557Z,3.624,60.1,-82,7.5,19.3,eui-00800000a000018f,65d2bb6e91885514259b6bf8
2024-11-11T19:02:25.239Z,3.624,60.2,-84,9.5,19.2,eui-00800000a000018f,65d2bb6e91885514259b6bf8
2024-11-11T19:22:25.034Z,3.624,60.2,-81,9.5,19.2,eui-00800000a000018f,65d2bb6e91885514259b6bf8
2024-11-11T19:42:24.817Z,3.624,60.3,-85,9.5,19.2,eui-00800000a000018f,65d2bb6e91885514259b6bf8
2024-11-11T20:02:24.568Z,3.624,60.4,-81,7.2,20.1,eui-00800000a000018f,65d2bb6e91885514259b6bf8
2024-11-11T20:22:24.368Z,3.624,60.1,-82,8.8,21.1,eui-00800000a000018f,65d2bb6e91885514259b6bf8
2024-11-11T20:42:24.114Z,3.624,60,-81,11,23.4,eui-00800000a000018f,65d2bb6e91885514259b6bf8
2024-11-11T21:02:23.884Z,3.624,59.6,-87,8.8,24.1,eui-00800000a000018f,65d2bb6e91885514259b6bf8
2024-11-11T21:22:23.664Z,3.624,59.7,-80,9,26.1,eui-00800000a000018f,65d2bb6e91885514259b6bf8
2024-11-11T21:42:23.465Z,3.624,59.3,-83,10,28.3,eui-00800000a000018f,65d2bb6e91885514259b6bf8
2024-11-11T22:02:23.229Z,3.624,59.4,-83,9.2,29.5,eui-00800000a000018f,65d2bb6e91885514259b6bf8
2024-11-11T22:22:22.983Z,3.624,59.8,-83,8,29,eui-00800000a000018f,65d2bb6e91885514259b6bf8
2024-11-11T22:42:22.827Z,3.624,58.7,-82,10.2,31.7,eui-00800000a000018f,65d2bb6e91885514259b6bf8
2024-11-11T23:02:22.559Z,3.624,58.9,-81,8.8,30.7,eui-00800000a000018f,65d2bb6e91885514259b6bf8
2024-11-11T23:22:22.322Z,3.618,58,-83,10.5,34,eui-00800000a000018f,65d2bb6e91885514259b6bf8
2024-11-11T23:42:22.074Z,3.618,58,-85,10.2,36.5,eui-00800000a000018f,65d2bb6e91885514259b6bf8
2024-11-12T00:02:21.871Z,3.618,58.3,-87,9.8,36.1,eui-00800000a000018f,65d2bb6e91885514259b6bf8
2024-11-12T00:22:21.728Z,3.618,58.7,-83,8.2,36.3,eui-00800000a000018f,65d2bb6e91885514259b6bf8
2024-11-12T00:42:21.449Z,3.618,58.1,-82,8.5,36.9,eui-00800000a000018f,65d2bb6e91885514259b6bf8
2024-11-12T01:02:21.237Z,3.618,58.3,-83,9.5,36.1,eui-00800000a000018f,65d2bb6e91885514259b6bf8
2024-11-12T01:22:21.019Z,3.618,58.5,-83,7.5,36.5,eui-00800000a000018f,65d2bb6e91885514259b6bf8
2024-11-12T01:42:20.761Z,3.618,58.3,-82,10.5,36.9,eui-00800000a000018f,65d2bb6e91885514259b6bf8
2024-11-12T02:02:20.530Z,3.618,58.3,-82,10.8,35.9,eui-00800000a000018f,65d2bb6e91885514259b6bf8
2024-11-12T02:22:20.343Z,3.618,58.1,-85,10,35.6,eui-00800000a000018f,65d2bb6e91885514259b6bf8
2024-11-12T02:42:20.110Z,3.618,58.3,-83,7.8,34.9,eui-00800000a000018f,65d2bb6e91885514259b6bf8
